metric,gemma-4-E4B-it,gemma-4-26B-A4B-it,gemma-4-31b
detection_accuracy,0.18605006366050567,0.14604288874296908,0.14585354673762782
spatial_dispersion,0.380053015241882,0.3983333333333333,0.4094777562862669
alibi_corroboration,0.29594011461280884,0.34189734528078836,0.3272555624647442
alibi_grounding,0.6235018459577876,0.6216954578676418,0.583875016993111
social_influence,0.15194810212011897,0.21865271388969237,0.39145393283259805
belief_volatility,0.035816269663557936,0.06842809695680284,0.06846047328350359
faction_consensus,0.3168191591149762,0.162987274621861,0.11937118807860585
objective_viability,0.9738776419842199,0.925244846806713,0.9650981576523386
