metric,deepseek-r1-distill-llama-8B,deepseek-r1-distill-qwen-32b
detection_accuracy,0.2228718766873575,0.1960388381503888
spatial_dispersion,0.3285197368421052,0.3255928853754941
alibi_corroboration,0.48474750950353496,0.47293688810899287
alibi_grounding,0.6002599884660356,0.578892034541155
social_influence,0.12071275088760855,0.1999522172976934
belief_volatility,0.1159196300060447,0.07977078361924266
faction_consensus,0.5000662937974455,0.2989697371369184
objective_viability,0.9766285393051566,0.9694862241084227
