metric,deepseek-r1-distill-qwen-32b,gemma-4-26B-A4B-it,gemma-4-31b,qwen3-32b,llama-3.3-70b
detection_accuracy,0.1960388381503888,0.14604288874296908,0.14585354673762782,0.20265894021928224,0.16598201571237828
spatial_dispersion,0.3255928853754941,0.3983333333333333,0.4094777562862669,0.35754504504504503,0.4135039370078741
alibi_corroboration,0.47293688810899287,0.34189734528078836,0.3272555624647442,0.36747065239273635,0.3055181037364261
alibi_grounding,0.578892034541155,0.6216954578676418,0.583875016993111,0.6069729282834552,0.6113948255226853
social_influence,0.1999522172976934,0.21865271388969237,0.39145393283259805,0.18123014023632378,0.11194045008923245
belief_volatility,0.07977078361924266,0.06842809695680284,0.06846047328350359,0.07782847067470648,0.06333869858373208
faction_consensus,0.2989697371369184,0.162987274621861,0.11937118807860585,0.29849380456048014,0.2919092393725476
objective_viability,0.9694862241084227,0.925244846806713,0.9650981576523386,0.9436962061962063,0.916916154183129
